geo_fips,rent_burden
6037101110,0.549689441
6037101122,0.706395349
6037101220,0.535433071
6037101221,0.663157895
6037101222,0.651960784
6037101300,0.252066116
6037101400,0.839793282
6037102103,0.728
6037102104,0.321799308
6037102105,0.633466135
6037102107,0.753846154
6037103101,0.563636364
6037103102,0.781395349
6037103201,0.660249151
6037103202,1
6037103300,0.738095238
6037103401,0.34057971
6037103402,0.315789474
6037104103,0.630057803
6037104105,0.704724409
6037104108,0.562414266
6037104124,0.468531469
6037104201,0.696808511
6037104203,0.761802575
6037104204,0.542635659
6037104310,0.554054054
6037104321,0.709302326
6037104322,0.775
6037104401,0.639405204
6037104403,0.666666667
6037104404,0.545454545
6037104500,0.781690141
6037104610,0.745247148
6037104620,0.52360515
6037104701,0.586956522
6037104703,0.454022989
6037104704,0.694235589
6037104821,0.516209476
6037104822,0.698198198
6037104823,0.758169935
6037104824,0.584070796
6037106010,0.603864734
6037106020,0.610909091
6037106111,0.542056075
6037106112,0.337278107
6037106113,0.661016949
6037106114,0.599517491
6037106403,0.8125
6037106405,0.443037975
6037106406,0.497311828
6037106407,0.829411765
6037106408,0.527093596
6037106510,0.711711712
6037106520,0.613152805
6037106603,0.769230769
6037106604,0.690225564
6037106641,0.945054945
6037106642,0.711111111
6037106643,0.159090909
6037106645,0.9375
6037106646,0.433962264
6037106648,0.553872054
6037106649,0.708955224
6037107010,0.494252874
6037107020,0.713432836
6037108101,0.245614035
6037108102,0.404761905
6037108103,0.903225806
6037108104,0.085714286
6037108202,0.821428571
6037108203,0.709302326
6037108204,0.606557377
6037109100,0.795652174
6037109200,0.3
6037109300,0.63
6037109400,0.481927711
6037109500,0.561933535
6037109601,0.810126582
6037109603,0.6812749
6037109604,0.585714286
6037109700,0.597101449
6037109800,0.39953271
6037111100,0.36196319
6037111201,0.532846715
6037111202,0.315568022
6037111204,0.282296651
6037111205,0.520930233
6037111206,0.835051546
6037111302,0.669593853
6037111303,0.73280943
6037111304,0.597674419
6037111401,0.795238095
6037111402,0.652745995
6037113101,0.421428571
6037113102,0.225806452
6037113211,0.565420561
6037113212,0.471604938
6037113213,0.566724437
6037113231,0.353383459
6037113232,0.501628664
6037113234,0.423503326
6037113235,0.595121951
6037113237,0.457593688
6037113238,0.522374429
6037113239,0.922818792
6037113301,0.831683168
6037113303,0.6367713
6037113322,0.598465473
6037113323,0.597169811
6037113324,0.218678815
6037113423,0.615658363
6037113424,0.657807309
6037113425,0.705882353
6037113426,0.620218579
6037113427,0.559398496
6037113428,0.774390244
6037115101,0.504545455
6037115103,0
6037115104,0.676880223
6037115202,0.707638279
6037115203,0.497607656
6037115204,0.465245598
6037115301,0.487684729
6037115302,0.654269972
6037115401,0.654281099
6037115403,0.556291391
6037115404,0.577565632
6037117101,0.6
6037117102,0.664921466
6037117201,0.747858017
6037117202,0.653136531
6037117301,0.534979424
6037117302,0.631884058
6037117303,0.836538462
6037117404,0.689230769
6037117405,0.658163265
6037117407,0.709580838
6037117408,0.718699187
6037117510,0.682648402
6037117520,0.707792208
6037117530,0.599854757
6037119001,0.465608466
6037119003,0.335365854
6037119004,0.604651163
6037119201,0.534246575
6037119202,0.491666667
6037119310,0.652329749
6037119320,0.461709212
6037119340,0.696881092
6037119341,0.667315175
6037119342,0.736180905
6037119400,0.662162162
6037119700,0.408510638
6037119801,0.51754386
6037119802,0.516393443
6037119900,0.689922481
6037120010,0.603104213
6037120020,0.640926641
6037120030,0.592203898
6037120103,0.709923664
6037120104,0.670375522
6037120105,0.663398693
6037120106,0.730769231
6037120107,0.663542643
6037120108,0.58172043
6037120300,0.723790323
6037120400,0.515681984
6037121010,0.628099174
6037121020,0.696759259
6037121101,0.471304348
6037121102,0.533333333
6037121210,0.54887218
6037121221,0.324324324
6037121222,0.516739447
6037121600,0.496732026
6037121801,0.73897497
6037121802,0.545454545
6037121900,0.505376344
6037122000,0.642990654
6037122120,0.499032882
6037122121,0.714285714
6037122122,0.79002079
6037122200,0.753554502
6037122410,0.516427105
6037122420,0.66557377
6037123010,0.817236256
6037123020,0.546031746
6037123103,0.55489022
6037123104,0.53928225
6037123203,0.644107351
6037123204,0.572992701
6037123205,0.674836601
6037123206,0.652733119
6037123301,0.684989429
6037123303,0.555926544
6037123304,0.736998514
6037123410,0.712328767
6037123420,0.591911765
6037123510,0.673758865
6037123520,0.692963753
6037123601,0.646690519
6037123602,0.702857143
6037123700,0.513978495
6037123800,0.430232558
6037123901,0.631111111
6037123902,0.48733234
6037124000,0.522123894
6037124102,0.720519963
6037124103,0.680107527
6037124104,0.636363636
6037124105,0.541076487
6037124201,0.611788618
6037124203,0.626134301
6037124204,0.481770833
6037124300,0.69704142
6037124400,0.398075241
6037124500,0.567241379
6037124600,0.666262136
6037124700,0.496448864
6037124902,0.620559335
6037124903,0.482673267
6037125101,0.507168459
6037125102,0.569593148
6037125200,0.602664577
6037125310,0.604166667
6037125321,0.697545527
6037125322,0.727740986
6037125402,0.61310649
6037125403,0.588135593
6037125404,0.617514488
6037125501,0.54129077
6037125502,0.569899666
6037125600,0.5968
6037127102,0.693811075
6037127103,0.432567433
6037127104,0.761758691
6037127210,0.525887574
6037127220,0.660185968
6037127300,0.647887324
6037127400,0.512875536
6037127520,0.581118881
6037127603,0.635910224
6037127604,0.613545817
6037127605,0.696088265
6037127606,0.627345845
6037127711,0.480739599
6037127712,0.679669917
6037127803,0.659305994
6037127804,0.683903253
6037127805,0.595959596
6037127806,0.659428571
6037127910,0.667269439
6037127920,0.728100114
6037128101,0.62037037
6037128102,0.540540541
6037128210,0.678641411
6037128220,0.60653753
6037128302,0.662267081
6037128303,0.697761194
6037128400,0.667546174
6037128500,0.434966216
6037128601,0.568914956
6037128602,0.571428571
6037128703,0.635019455
6037128704,0.453367876
6037128801,0.597677596
6037128802,0.410493827
6037128910,0.547826087
6037131021,0.653846154
6037131022,0.6359447
6037131023,0.626728111
6037131024,0.43960396
6037131100,0.806722689
6037131200,0.817869416
6037131300,0.672077922
6037131400,0.651256281
6037131600,0.422680412
6037131701,0.442622951
6037131702,0.78961039
6037131801,0.619161677
6037131802,0.638297872
6037131900,0.442367601
6037132001,0.538975501
6037132002,0.62295082
6037132101,0.548793284
6037132102,0.75862069
6037132301,0.507836991
6037132302,0.556917688
6037132501,0.545833333
6037132502,0.724584104
6037132700,0.696255201
6037132900,0.760344828
6037133000,0.42746114
6037133101,0.483739837
6037133102,0.620501636
6037134001,0.633165829
6037134002,0.581920904
6037134101,0.71890971
6037134103,0.694852941
6037134104,0.644412192
6037134201,0.609665428
6037134302,0.669354839
6037134303,0.43129771
6037134304,0.802985075
6037134305,0.610344828
6037134306,0.637900356
6037134421,0.85443038
6037134422,0.544169611
6037134423,0.782208589
6037134424,0.763636364
6037134520,0.678244973
6037134521,0.633693972
6037134522,0.664359862
6037134710,0.696721311
6037134720,0.713942308
6037134801,0.770588235
6037134802,0.683486239
6037134901,0.685929648
6037134904,0.613861386
6037134905,0.586161305
6037134906,0.495137047
6037134907,0.530678851
6037135102,0.286666667
6037135111,0.260032103
6037135113,0.426724138
6037135115,0.653026428
6037135116,0.487124464
6037135201,0.672222222
6037135202,0.811764706
6037135204,0.545454545
6037135205,0.352112676
6037137000,0.557029178
6037137103,0.666396761
6037137104,0.182481752
6037137202,0.439241918
6037137203,0.404984424
6037137301,0.541666667
6037137302,0.690789474
6037137401,0.25095057
6037137402,0.75
6037137501,0.54107425
6037137502,0.741935484
6037137504,0.333333333
6037138000,0.476489028
6037139001,0.436014625
6037139200,0.654455446
6037139301,0.782608696
6037139302,0.564462258
6037139303,0.663297536
6037139401,0.680693069
6037139402,0.455357143
6037139502,0.658198614
6037139504,0.615677321
6037139505,0.737552743
6037139506,0.638772664
6037139600,0.408588957
6037139701,0.54875717
6037139703,0.534883721
6037139704,0.773480663
6037139705,0
6037139801,0.76744186
6037139802,0.447154472
6037141101,0.609063444
6037141102,0.509561305
6037141201,0.53282975
6037141202,0.524358974
6037141303,0.542713568
6037141304,0.525
6037141305,0.592592593
6037141306,0.531355932
6037141400,0.673135853
6037141500,0
6037141600,0.441048035
6037141700,0.157894737
6037143101,0.437810945
6037143102,0.585390947
6037143200,0.676966292
6037143301,0.510655738
6037143302,0.466970387
6037143401,0.526442308
6037143402,0.447191011
6037143500,0.47826087
6037143602,0.553636364
6037143603,0.547854785
6037143605,0.599051008
6037143606,0.369542066
6037143700,0.653021442
6037143801,0.238698011
6037143802,0.40797546
6037143901,0.593939394
6037143902,0.52979066
6037181000,0.608033241
6037181300,0.45060241
6037181400,0.332439678
6037181500,0.5075
6037181600,0.432478632
6037183101,0.491735537
6037183103,0.385214008
6037183104,0.319838057
6037183220,0.407407407
6037183221,0.56496063
6037183222,0.387917329
6037183300,0.444615385
6037183401,0.625615764
6037183402,0.465538089
6037183510,0.631313131
6037183520,0.484693878
6037183610,0.668665667
6037183620,0.422867514
6037183701,0.595070423
6037183702,0.31358885
6037183810,0.418060201
6037183820,0.336215178
6037185101,0.374277457
6037185102,0.721875
6037185202,0.485955056
6037185203,0.415492958
6037185204,0.417475728
6037185310,0.386925795
6037185320,0.648496241
6037186100,0.428940568
6037186201,0.412677878
6037186202,0.524934383
6037186203,0.543859649
6037186301,0.596252129
6037186302,0.551428571
6037186401,0.516
6037186403,0.44989339
6037186404,0.556149733
6037187101,0.476666667
6037187102,0.689370485
6037187200,0.551181102
6037187300,0.451336898
6037188100,0.6171875
6037188201,0.419853539
6037188202,0.65
6037188300,0.27672956
6037189101,0.444678609
6037189102,0.380384361
6037189201,0.506909548
6037189202,0.427640156
6037189300,0.661764706
6037189400,0.385915493
6037189501,0.458015267
6037189502,0.527612574
6037189600,0.479782271
6037189702,0.545454545
6037189703,0.701265823
6037189704,0.562711864
6037189801,0.429015544
6037189802,0.44077135
6037189903,0.493138152
6037189904,0.662402274
6037189905,0.555041628
6037189906,0.517638037
6037189907,0.53189911
6037190101,0.711779449
6037190102,0.538880249
6037190201,0.613749114
6037190202,0.599461159
6037190302,0.663690476
6037190303,0.537322275
6037190401,0.521578298
6037190402,0.508156607
6037190510,0.588714734
6037190520,0.488824802
6037190701,0.560686016
6037190702,0.5390625
6037190801,0.534129693
6037190802,0.541501976
6037190901,0.534821429
6037190902,0.424326192
6037191000,0.540120184
6037191110,0.569969356
6037191120,0.609673025
6037191201,0.602603844
6037191203,0.563636364
6037191204,0.49845679
6037191301,0.492287918
6037191302,0.488857939
6037191410,0.487528345
6037191420,0.548353909
6037191500,0.542995839
6037191610,0.572593801
6037191620,0.639498433
6037191710,0.647526502
6037191720,0.56627451
6037191810,0.716354344
6037191820,0.531914894
6037191901,0.550977285
6037191902,0.656862745
6037192001,0.624691358
6037192002,0.489169675
6037192300,0.652513966
6037192410,0.401877133
6037192420,0.626778243
6037192510,0.677125506
6037192520,0.537716263
6037192610,0.683197631
6037192620,0.684831971
6037192700,0.512676056
6037194101,0.65034965
6037194102,0.515267176
6037194200,0.511530398
6037194300,0.496503497
6037194401,0.429752066
6037194402,0.63670412
6037194500,0.544626594
6037195100,0.47995283
6037195201,0.383292383
6037195202,0.421607378
6037195300,0.498144712
6037195400,0.44491169
6037195500,0.258339248
6037195600,0.560096154
6037195710,0.647492625
6037195720,0.546546547
6037195802,0.597256858
6037195803,0.466498104
6037195804,0.260303688
6037195901,0.518363064
6037195902,0.409589041
6037195903,0.521088435
6037197200,0.456666667
6037197300,0.376733436
6037197410,0.31005291
6037197420,0.444958372
6037197500,0.400148478
6037197600,0.500740741
6037197700,0.596252129
6037199001,0.6384
6037199002,0.567839196
6037199110,0.299382716
6037199120,0.558985667
6037199201,0.50982801
6037199202,0.528037383
6037199300,0.455516014
6037199400,0.46852518
6037199700,0.635602094
6037199801,0.655430712
6037199802,0.542929293
6037199900,0.578417266
6037201110,0.686192469
6037201120,0.500650195
6037201200,0.602373887
6037201301,0.416195857
6037201302,0.451438849
6037201401,0.773413897
6037201402,0.568848758
6037201501,0.49187935
6037201503,0.444771723
6037201504,0.503846154
6037201601,0.589225589
6037201602,0.344023324
6037201700,0.495987159
6037203100,0.518254675
6037203200,0.519955654
6037203300,0.485804416
6037203500,0.596066566
6037203601,0.683908046
6037203602,0.53125
6037203710,0.532467532
6037203720,0.565807327
6037203800,0.64871481
6037203900,0.446952596
6037204110,0.541755889
6037204120,0.450097847
6037204200,0.465629053
6037204300,0.501094092
6037204410,0.482352941
6037204420,0.52638191
6037204600,0.656662665
6037204700,0.480672269
6037204810,0.683146067
6037204820,0.75
6037204910,0.498113208
6037204920,0.38952164
6037205110,0.594594595
6037205120,0.55216285
6037206010,0.480349345
6037206020,0.389312977
6037206050,0.47148289
6037206051,0.470852018
6037206052,0.418742586
6037206053,0.561072493
6037206054,0.586397059
6037206201,0.567137809
6037206202,0.444219067
6037206301,0.418604651
6037206302,0.456418384
6037206303,0.507154213
6037207101,0.588163514
6037207102,0.521611722
6037207103,0.586636467
6037207303,0.512426036
6037207304,0.420828258
6037207305,0.448076923
6037207306,0.457973291
6037207307,0.374677003
6037207308,0.431421446
6037207400,0.617166213
6037207501,0.470643057
6037207502,0.566037736
6037207711,0.346049046
6037207712,0.504301516
6037207901,0.519083969
6037207902,0.406694561
6037208001,0.640107431
6037208002,0.587443946
6037208301,0.401851852
6037208302,0.518590998
6037208401,0.468705548
6037208402,0.507713885
6037208501,0.472556894
6037208502,0.531420765
6037208610,0.436101083
6037208620,0.546275395
6037208710,0.440677966
6037208720,0.524489796
6037208801,0.613619541
6037208802,0.603633917
6037208902,0.709302326
6037208903,0.564935065
6037208904,0.500369004
6037209103,0.657374101
6037209104,0.532574974
6037209105,0.626822157
6037209106,0.575393154
6037209201,0.654599407
6037209202,0.685053381
6037209300,0.605887939
6037209401,0.424361493
6037209402,0.526361279
6037209403,0.689959294
6037209510,0.608559499
6037209520,0.537796976
6037209810,0.628133705
6037209820,0.539027982
6037210010,0.550531915
6037211000,0.554716981
6037211121,0.462352941
6037211122,0.652049571
6037211123,0.456120092
6037211124,0.50026137
6037211201,0.567179487
6037211202,0.453501722
6037211310,0.656349206
6037211320,0.514955538
6037211410,0.670846395
6037211420,0.616425993
6037211500,0.544554455
6037211701,0.453149002
6037211703,0.601075269
6037211704,0.592253521
6037211802,0.541085271
6037211803,0.518037518
6037211804,0.631417625
6037211910,0.573869901
6037211921,0.672286617
6037211922,0.54749439
6037212101,0.589009288
6037212102,0.612105712
6037212202,0.607290804
6037212203,0.530666667
6037212204,0.656823623
6037212303,0.652282677
6037212304,0.685159501
6037212305,0.633225458
6037212306,0.592178771
6037212410,0.576632302
6037212420,0.719929763
6037212501,0.592465753
6037212502,0.637681159
6037212610,0.599447514
6037212620,0.565686863
6037212701,0.673076923
6037212702,0.572327044
6037212800,0.647905759
6037212900,0.4984375
6037213100,0.680371353
6037213201,0.67852349
6037213202,0.471953578
6037213310,0.308510638
6037213320,0.642458101
6037213401,0.601010101
6037213402,0.635907094
6037214000,0.375224417
6037214100,0.644736842
6037214400,0.449157467
6037214501,0.629952989
6037214503,0.596002855
6037214504,0.582511506
6037214505,0.665551839
6037214600,0.404883011
6037214700,0.566878981
6037214800,0.490636704
6037214902,0.656729901
6037214903,0.630184332
6037214904,0.654545455
6037215101,0.561298077
6037215102,0.564248705
6037216100,0.433242507
6037216201,0.573986805
6037216202,0.438950555
6037216301,0.519230769
6037216302,0.472283814
6037216401,0.418604651
6037216402,0.53816047
6037216700,0.411458333
6037216800,0.50405562
6037216901,0.413547237
6037216902,0.400641026
6037217001,0.565137615
6037217002,0.55495617
6037217101,0.460440986
6037217102,0.618934911
6037217200,0.54005168
6037218110,0.626552053
6037218120,0.458585859
6037218210,0.69731405
6037218220,0.531079607
6037218300,0.494103774
6037218400,0.553078556
6037218500,0.623955432
6037218600,0.590851334
6037218701,0.615234375
6037218702,0.565217391
6037218800,0.616264295
6037218900,0.567047817
6037219010,0.661567878
6037219020,0.479166667
6037219300,0.503849444
6037219500,0.463963964
6037219700,0.642016807
6037219800,0.435772358
6037219901,0.545530493
6037219902,0.487132353
6037220000,0.722627737
6037220100,0.480373832
6037221110,0.51754386
6037221120,0.460797799
6037221210,0.53986711
6037221220,0.544459644
6037221302,0.641601563
6037221303,0.524720893
6037221304,0.631627907
6037221401,0.716101695
6037221402,0.6
6037221500,0.612941176
6037221601,0.498743719
6037221602,0.531677019
6037221710,0.587421384
6037221810,0.533333333
6037221820,0.6242497
6037221900,0.591708543
6037222001,0.575
6037222002,0.633375474
6037222100,0.574842767
6037222200,0.598963731
6037222500,0.482444733
6037222600,0.580291971
6037222700,0.533980583
6037224010,0.547945205
6037224020,0.696551724
6037224200,0.691428571
6037224310,0.530534351
6037224320,0.65064695
6037224410,0.646313364
6037224420,0.70631068
6037224600,0.630792227
6037224701,0.523076923
6037224702,0.643994211
6037226001,0.729044834
6037226002,0.685393258
6037226410,0.581241744
6037226420,0.724043716
6037226701,0.506811989
6037226702,0.511882998
6037227010,0.570646221
6037227020,0.711267606
6037228100,0.713004484
6037228210,0.778975741
6037228220,0.607250755
6037228310,0.662515567
6037228320,0.584482759
6037228410,0.676222597
6037228420,0.524850895
6037228500,0.616995074
6037228600,0.582142857
6037228710,0.602425876
6037228720,0.556818182
6037228800,0.665771812
6037228900,0.487294469
6037229100,0.708534622
6037229200,0.620100503
6037229300,0.557752341
6037229410,0.757078987
6037229420,0.594222834
6037231100,0.559016393
6037231210,0.669268293
6037231220,0.636575875
6037231301,0.675721562
6037231302,0.536637931
6037231400,0.510857143
6037231500,0.637362637
6037231601,0.370709382
6037231602,0.425742574
6037231603,0.585443038
6037231710,0.553859203
6037231720,0.578282828
6037231800,0.673735726
6037231901,0.538622129
6037231902,0.694029851
6037232110,0.6645469
6037232120,0.672075149
6037232200,0.571428571
6037232300,0.389830508
6037232401,0.754716981
6037232402,0.587264151
6037232500,0.520383693
6037232601,0.556270096
6037232602,0.553246753
6037232701,0.552795031
6037232702,0.722460658
6037232800,0.659476117
6037234001,0.442073171
6037234002,0.735042735
6037234200,0.534810127
6037234301,0.504672897
6037234302,0.766256591
6037234501,0.463636364
6037234502,0.613888889
6037234600,0.789007092
6037234700,0.54601227
6037234800,0.567729084
6037234901,0.504453441
6037234902,0.734086853
6037235100,0.490521327
6037235201,0.835820896
6037235202,0.697577277
6037236001,0.356223176
6037236101,0.803012746
6037236102,0.615050651
6037236203,0.721264368
6037236204,0.642567019
6037236205,0.581679389
6037236206,0.622425629
6037236400,0.411706349
6037237101,0.558823529
6037237102,0.556728232
6037237201,0.472545757
6037237202,0.763586957
6037237300,0.651748252
6037237401,0.638248848
6037237402,0.568807339
6037237500,0.650724638
6037237600,0.505214368
6037237710,0.549145299
6037237720,0.733957219
6037237800,0.737634409
6037237900,0.696098563
6037238000,0.684638861
6037238100,0.606757728
6037238200,0.582486317
6037238310,0.585626911
6037238320,0.582761998
6037238400,0.559198543
6037239201,0.611594203
6037239202,0.452081317
6037239310,0.593094945
6037239320,0.645038168
6037239330,0.632829374
6037239501,0.578171091
6037239502,0.596830986
6037239601,0.47107438
6037239602,0.684375
6037239701,0.663793103
6037239702,0.628975265
6037239801,0.561016949
6037239802,0.681052632
6037240010,0.602080624
6037240020,0.669565217
6037240200,0.578076525
6037240301,0.533523538
6037240302,0.615658363
6037240401,0.670491803
6037240402,0.593803787
6037240500,0.685287175
6037240600,0.571264368
6037240700,0.671232877
6037240800,0.614711033
6037240901,0.565217391
6037240902,0.717672414
6037241001,0.51618123
6037241002,0.577738516
6037241110,0.58436214
6037241120,0.794086589
6037241201,0.766203704
6037241202,0.767195767
6037241300,0.598130841
6037241400,0.462962963
6037242000,0.600490196
6037242100,0.487039563
6037242201,0.65007776
6037242202,0.537109375
6037242300,0.635282458
6037242600,0.538461538
6037242700,0.673835125
6037243001,0.916666667
6037243002,0.303030303
6037243100,0.657848325
6037261102,0.285714286
6037261103,0.415929204
6037261104,0.173076923
6037261200,0.235294118
6037262100,0.154545455
6037262200,0.261072261
6037262301,0.232142857
6037262302,0.271317829
6037262303,0
6037262400,0.528205128
6037262501,0.422077922
6037262601,0.317460317
6037262604,0.396728016
6037262704,0.413919414
6037262706,0.446202532
6037262802,0.285
6037264000,0.474358974
6037264102,0.480806142
6037264103,0.41369606
6037264303,0.433636364
6037264304,0.494224422
6037264305,0.395614871
6037264306,0.569120287
6037265100,0.610062893
6037265201,0.696296296
6037265203,0.586826347
6037265204,0.535460993
6037265301,#DIV/0!
6037265303,0.748211731
6037265304,0.706998814
6037265306,0.549145299
6037265307,0.700469484
6037265410,0.399305556
6037265420,0.407960199
6037265521,0.597587719
6037265522,0.454764777
6037265523,0.665853659
6037265524,0.636363636
6037265601,0.457814661
6037265602,0.547388781
6037265701,0.484107579
6037265702,0.823444284
6037267101,0.524475524
6037267102,0.449275362
6037267201,0.543147208
6037267202,0.607784431
6037267300,0.42384106
6037267403,0.44095941
6037267404,0.465859983
6037267405,0.591430757
6037267406,0.431968296
6037267502,0.468911917
6037267503,0.465235174
6037267504,0.432732316
6037267600,0.387808042
6037267700,0.342342342
6037267800,0.60572337
6037267901,0.717884131
6037267902,0.412778905
6037269000,0.260670732
6037269100,0.500443656
6037269300,0.415966387
6037269500,0.351351351
6037269601,0.568459658
6037269602,0.582814446
6037269700,0.383225806
6037269800,0.375316991
6037269903,0.567567568
6037269905,0.4385278
6037269906,0.358629953
6037269907,0.454242928
6037269908,0.453883495
6037269909,0.399173554
6037270101,0.479700855
6037270102,0.486432161
6037270200,0.559915164
6037270300,0.425587467
6037271100,0.704022989
6037271200,0.376854599
6037271300,0.462173315
6037271400,0.551912568
6037271500,0.453125
6037271600,0.474926254
6037271702,0.530730296
6037271703,0.332129964
6037271704,0.339017051
6037271801,0.616901408
6037271803,0.539187228
6037271804,0.360839161
6037271901,0.40354536
6037271902,0.398324448
6037272100,0.596707819
6037272201,0.517159763
6037272202,0.500764526
6037272301,0.332599119
6037272302,0.386768448
6037273100,0.547540984
6037273200,0.46912114
6037273300,0.535964912
6037273403,0.573502722
6037273404,0.617801047
6037273502,0.357142857
6037273600,0.428270042
6037273700,0.463046757
6037273800,0.538860104
6037273902,0.308296943
6037274100,0.614467409
6037274202,0.387008234
6037275101,0.348314607
6037275102,0.527389903
6037275200,0.554509804
6037275311,0.481609993
6037275312,0.610902256
6037275313,0.539840637
6037275400,0.408147579
6037275500,0.548551959
6037275603,0.432748538
6037275604,0.419804742
6037275605,0.592433362
6037276000,0.511308562
6037276101,0.522206304
6037276102,0.641690682
6037276400,0.259868421
6037276500,0.604166667
6037276601,0.506627393
6037276605,0.588086185
6037276606,0.490322581
6037276607,0.493346981
6037276608,0.55008489
6037277000,0.544217687
6037277100,0.315018315
6037277200,0.702158273
6037277400,0.5
6037278001,0.432017544
6037278102,0.384943182
6037291110,0.461608775
6037291120,0.4375
6037291130,0.247933884
6037291210,0.635462555
6037291220,0.506042296
6037291300,0.515358362
6037292001,0.721136767
6037292002,0.566666667
6037293203,0.458466454
6037293204,0.517391304
6037293205,0.672657253
6037293206,0.510238908
6037293301,0.390804598
6037293302,0.499136442
6037293304,0.447321429
6037293306,0.517391304
6037293307,0.552710843
6037294110,0.765661253
6037294120,0.613065327
6037294200,0.749090909
6037294301,0.732919255
6037294302,0.511664075
6037294410,0.456158664
6037294421,0.652613828
6037294510,0.618206522
6037294520,0.627228525
6037294610,0.527131783
6037294620,0.507374631
6037294701,0.667128988
6037294810,0.588105727
6037294820,0.57629108
6037294830,0.6002331
6037294900,0.604920405
6037295103,0.509202454
6037296210,0.636798088
6037296220,0.482858803
6037296300,0.641156463
6037296401,0.323529412
6037296402,0.555555556
6037296500,0.64516129
6037296600,0.696123147
6037296901,0.558069382
6037296902,0.579293344
6037297001,0.580838323
6037297002,0.282460137
6037297110,0.645379414
6037297120,0.601915185
6037297201,0.670036765
6037297202,0.390969163
6037297300,0.440944882
6037297400,0.623595506
6037297501,0.281879195
6037297502,0.710648148
6037297601,0.570175439
6037297602,0.411196911
6037300100,0.195652174
6037300200,0.489666137
6037300301,0.446564885
6037300400,0.666666667
6037300501,0.69637883
6037300503,0.577275504
6037300601,0.689189189
6037300602,0.700607903
6037300701,0.375438596
6037300702,0.408510638
6037300800,0.609833972
6037300901,0.342105263
6037300902,0.626506024
6037301000,0.468141593
6037301100,0.689379988
6037301203,0.532126697
6037301204,0.54796748
6037301205,0.835365854
6037301206,0.528163862
6037301300,0.4
6037301400,0.632183908
6037301501,0.543859649
6037301502,0.680161943
6037301601,0.655255545
6037301602,0.655082537
6037301701,0.424242424
6037301702,0.583625731
6037301801,0.551619433
6037301802,0.632368149
6037301901,0.325041459
6037301902,0.640926641
6037302002,0.620013996
6037302003,0.451661631
6037302004,0.600292826
6037302102,0.478448276
6037302103,0.50788835
6037302104,0.617647059
6037302201,0.59761194
6037302202,0.730601093
6037302301,0.496571988
6037302302,0.578769057
6037302401,0.561362756
6037302503,0.625942685
6037302504,0.663265306
6037302505,0.596920924
6037302506,0.631862217
6037310100,0.491071429
6037310201,0.65469905
6037310202,0.59103139
6037310300,0.428571429
6037310400,0.679558011
6037310501,0.473607038
6037310601,0.615840517
6037310602,0.46369637
6037310701,0.470366886
6037310703,0.627990431
6037310704,0.66276108
6037310705,0.681674566
6037310800,0.662950257
6037310900,0.706036745
6037311000,0.504118616
6037311100,0.352348993
6037311200,0.589022758
6037311300,0.387096774
6037311400,0.272727273
6037311500,0.521048451
6037311601,0.343589744
6037311602,0.563861386
6037311700,0.49540518
6037311801,0.548175865
6037311802,0.407798538
6037320101,0.602040816
6037320102,0.742358079
6037320201,0.828025478
6037320202,0.45754717
6037320300,0.533586819
6037400205,0.638888889
6037400206,0.306122449
6037400207,0.52991453
6037400208,1
6037400209,0.534653465
6037400304,0.643564356
6037400402,0.433420366
6037400403,0.516699411
6037400404,0.2375
6037400501,0.463414634
6037400602,0.488538682
6037400603,0.357971014
6037400605,0.445916115
6037400801,0.475195822
6037401001,0.381679389
6037401002,0.478902954
6037401101,0.471857411
6037401102,0.446693657
6037401201,0.409722222
6037401202,0.360995851
6037401203,0.709090909
6037401303,0.568345324
6037401304,0.438095238
6037401311,0.395683453
6037401312,0.665816327
6037401500,0.509401709
6037401601,0.392265193
6037401602,0.526315789
6037401705,0.557692308
6037401706,0.696390658
6037401707,0.543786489
6037401801,0.505084746
6037401802,0.378378378
6037401901,0.397849462
6037401902,0.553448276
6037402001,0.552066116
6037402002,0.758807588
6037402101,0.306547619
6037402102,0.548812665
6037402200,0.712765957
6037402301,0.585139319
6037402303,0.6112
6037402304,0.533039648
6037402403,0.594427245
6037402404,0
6037402405,0.625
6037402406,0.460194175
6037402501,0.547094188
6037402503,0.508333333
6037402504,0.687626775
6037402601,0.707889126
6037402602,0.234189723
6037402702,0.604129264
6037402703,0.657370518
6037402705,0.462427746
6037402706,0.510273973
6037402801,0.577430972
6037402803,0.544392523
6037402804,0.566110398
6037402902,0.555427252
6037402903,0.555555556
6037402904,0.865900383
6037403000,0.565789474
6037403305,0.34591195
6037403316,0.438979964
6037403317,0.573170732
6037403318,0.524421594
6037403319,0.554285714
6037403320,0.597765363
6037403321,0.63368984
6037403323,0.732510288
6037403324,0.518987342
6037403325,0.382716049
6037403326,0.706214689
6037403327,0.231481481
6037403328,0.567567568
6037403401,0.531791908
6037403402,0.774834437
6037403403,0.391089109
6037403404,0.5
6037403407,0.235294118
6037403408,0.118518519
6037403409,0.352303523
6037403500,0.529411765
6037403601,0.241992883
6037403702,0.422222222
6037403703,0.512727273
6037403721,0.606727038
6037403722,0.693158954
6037403801,0.400414938
6037403802,0.537878788
6037403901,0.536796537
6037403902,0.510869565
6037404000,0.379518072
6037404100,0.633474576
6037404201,0.648106904
6037404203,0.508641975
6037404301,0.564976959
6037404302,0.702222222
6037404401,0.557840617
6037404402,0.377870564
6037404501,0.6
6037404503,0.568075117
6037404504,0.537796976
6037404600,0.493333333
6037404701,0.495575221
6037404702,0.367909238
6037404703,0.562025316
6037404804,0.575700935
6037404805,0.390070922
6037404806,0.527216174
6037404901,0.374501992
6037404902,0.52173913
6037404903,0.45754717
6037405001,0.467692308
6037405002,0.654028436
6037405101,0.626865672
6037405102,0.688958009
6037405201,0.711185309
6037405202,0.57591623
6037405203,0.548780488
6037405301,0.63976378
6037405302,0.410029499
6037405400,0.292253521
6037405500,0.502016129
6037405600,0.635826772
6037405701,0.529585799
6037405702,0.25058548
6037405800,0.58010118
6037405900,0.701657459
6037406000,0.384955752
6037406101,0.593406593
6037406103,0.472075869
6037406201,0.685746352
6037406300,0.38030888
6037406413,0.771362587
6037406500,0.660929432
6037406601,0.484732824
6037406602,0.765625
6037406701,0.637462236
6037406702,0.544747082
6037406801,0.55982906
6037406903,0.564019449
6037407001,0.568807339
6037407002,0.583333333
6037407101,0.521235521
6037407102,0.530726257
6037407201,0.534161491
6037407202,0.290697674
6037407301,0.572519084
6037407302,0.72
6037407400,0.671532847
6037407501,0.502262443
6037407502,0.397769517
6037407601,0.492816092
6037407602,0.509090909
6037407701,0.512781955
6037407702,0.365339578
6037407801,0.239837398
6037407802,0.327380952
6037407901,0.495283019
6037407902,0.394736842
6037408003,0.28458498
6037408004,0.34729064
6037408005,0.329059829
6037408006,0.522641509
6037408133,0.541242938
6037408134,0.215053763
6037408135,0.262103506
6037408136,0.371287129
6037408137,0.344262295
6037408138,0.385756677
6037408139,0.463541667
6037408140,0.402390438
6037408141,0.459259259
6037408212,0.322695035
6037408213,0.503030303
6037408301,0.485887097
6037408302,0.544354839
6037408303,0.118012422
6037408401,0.54784689
6037408402,0.368421053
6037408503,0.534031414
6037408504,0.524429967
6037408505,0.372670807
6037408623,0.486842105
6037408624,0.357142857
6037408625,0.456896552
6037408626,0.574025974
6037408627,0.717171717
6037408628,0.545299145
6037408629,0.4
6037408631,0.389578164
6037408703,0.315315315
6037408705,0.375838926
6037408707,0.306122449
6037408722,0.620689655
6037408724,0.532673267
6037408725,0.535452323
6037408800,0.635006784
6037408900,0.526867628
6037409000,0.441777778
6037409100,0.620608899
6037430003,0.170731707
6037430004,0.488372093
6037430005,0.393617021
6037430101,0.643861293
6037430102,0.665540541
6037430200,0.663157895
6037430301,0.284182306
6037430302,0.449039882
6037430400,0.371681416
6037430501,0.307392996
6037430502,0.552830189
6037430600,0.324675325
6037430701,0.478313253
6037430721,0.555347092
6037430723,0.608048994
6037430724,0.425951087
6037430801,0.496604414
6037430802,0.655555556
6037430803,0.565310493
6037430901,0.536931818
6037430902,0.430887372
6037431002,0.578947368
6037431003,0.491819057
6037431004,0.494163424
6037431100,0.528830313
6037431200,0.382642998
6037431300,0.472789116
6037431400,0.528795812
6037431501,0.581464873
6037431502,0.44668008
6037431600,0.696048632
6037431701,0.571428571
6037431800,0.502506266
6037431900,0.556818182
6037432001,0.740540541
6037432002,0.500619579
6037432101,0.350923483
6037432102,0.486068111
6037432201,0.619047619
6037432202,0.44820296
6037432300,0.526748971
6037432401,0.480801336
6037432402,0.583732057
6037432501,0.502276176
6037432502,0.345724907
6037432601,0.584944049
6037432602,0.692640693
6037432700,0.513944223
6037432801,0.572164948
6037432802,0.578175896
6037432901,0.483333333
6037432902,0.372197309
6037433103,0.641316686
6037433200,0.512450852
6037433302,0.448
6037433304,0.645011601
6037433305,0.603578154
6037433306,0.609913793
6037433307,0.672768879
6037433402,0.437659033
6037433403,0.676870748
6037433505,0.617559524
6037433506,0.633213859
6037433601,0.52454418
6037433602,0.497297297
6037433803,0.693333333
6037433804,0.69846678
6037433901,0.576642336
6037433903,0.602996255
6037434001,0.645367412
6037434003,0.515151515
6037434004,0.435114504
6037434100,0.629898403
6037460001,0
6037460002,0.34751773
6037460101,0.636
6037460200,0.603896104
6037460301,0.478764479
6037460302,0.267898383
6037460401,0.724358974
6037460501,0.544642857
6037460502,0.598214286
6037460601,0.470422535
6037460700,0.451219512
6037460800,0.3125
6037460900,0.438502674
6037461000,0.567307692
6037461100,0.419034091
6037461200,0.53526971
6037461300,0.53414406
6037461400,0.574792244
6037461501,0.573825503
6037461502,0.622580645
6037461600,0.536317568
6037461700,0.368932039
6037461901,0.477433004
6037461902,0.514391829
6037462001,0.458762887
6037462002,0.710554951
6037462100,0.486948695
6037462201,0.562291435
6037462202,0.449202351
6037462301,0.607119314
6037462302,0.581947743
6037462400,0.428093645
6037462500,0.493540052
6037462600,0.349753695
6037462700,0.478453739
6037462800,0.536741214
6037462900,0.407643312
6037463000,0.421782178
6037463103,0.562009419
6037463200,0.4184514
6037463300,0.463343109
6037463400,0.441744103
6037463500,0.456304619
6037463601,0.386149793
6037463602,0.440329218
6037463700,0.324649299
6037463800,0.156862745
6037463900,0.517557252
6037464000,0.297297297
6037464101,0
6037464102,0.150170648
6037464200,0.394265233
6037480002,0.534591195
6037480011,0.679924242
6037480012,0.493894166
6037480101,0.517382413
6037480102,0.405737705
6037480201,0.629213483
6037480202,0.393442623
6037480302,0.481071099
6037480303,0.471369295
6037480304,0.525212836
6037480400,0.47235387
6037480500,0.454666667
6037480601,0.416865553
6037480602,0.343465046
6037480702,0.323144105
6037480703,0.320189274
6037480704,0.306076519
6037480802,0.474626866
6037480803,0.530888031
6037480804,0.451590595
6037480901,0.363429439
6037480902,0.55
6037480903,0.453055142
6037481001,0.559625213
6037481002,0.640449438
6037481101,0.481514878
6037481102,0.558303887
6037481103,0.37890625
6037481201,0.585294118
6037481203,0.578897338
6037481300,0.478915663
6037481401,0.483516484
6037481403,0.467532468
6037481404,0.451020408
6037481500,0.590987868
6037481603,0.537005164
6037481604,0.516164994
6037481605,0.462068966
6037481606,0.557093426
6037481711,0.61003861
6037481712,0.690186537
6037481713,0.374367622
6037481714,0.571428571
6037481800,0.248322148
6037481901,0.53689168
6037481902,0.667992048
6037482001,0.408450704
6037482002,0.487247142
6037482101,0.497354497
6037482102,0.46460177
6037482201,0.446043165
6037482202,0.579722704
6037482301,0.625
6037482303,0.629102845
6037482304,0.586097946
6037482401,0.600343053
6037482403,0.699515347
6037482404,0.221719457
6037482502,0.516666667
6037482503,0.465986395
6037482521,0.501278772
6037482522,0.531481481
6037482600,0.648122392
6037482701,0.488924051
6037482702,0.44140625
6037482801,0.271226415
6037500100,0.666666667
6037500202,0.783068783
6037500203,0.341176471
6037500204,0
6037500300,0.724489796
6037500402,0.474245115
6037500403,0.318181818
6037500404,0.498207885
6037500500,0.382113821
6037500600,0.590733591
6037500700,0.491150442
6037500800,0.48265896
6037500900,0.713736792
6037501001,0.589473684
6037501002,0.620253165
6037501200,0.773584906
6037501301,0.34
6037501302,0.629581152
6037501400,0.634547591
6037501501,0.503267974
6037501503,0.492338441
6037501504,0.495049505
6037501600,0.521634615
6037501700,0.355504587
6037501802,0.736263736
6037501803,0.621848739
6037501804,0.578595318
6037501900,0.561946903
6037502003,0.711180124
6037502004,0.679458239
6037502005,0.772177419
6037502100,0.50931677
6037502200,0.418079096
6037502303,0.56122449
6037502401,0.644104803
6037502402,0.453703704
6037502500,0.377431907
6037502602,0.545205479
6037502603,0.184466019
6037502604,0.346666667
6037502700,0.442307692
6037502801,0.635514019
6037502901,0.153846154
6037503000,0.383610451
6037503103,0.51026393
6037503104,0.669950739
6037503105,0.258666667
6037503106,0.427895981
6037503201,0.222222222
6037503202,0.36036036
6037503301,0.25136612
6037503302,0.412337662
6037503401,0.447504303
6037503402,0.517123288
6037503501,0.65625
6037503502,0.371794872
6037503601,0.731601732
6037503602,0.407407407
6037503701,0.732846715
6037503702,0.396496815
6037503704,0.694915254
6037503705,0.725856698
6037503801,0.556886228
6037503802,0.725
6037503901,0.404494382
6037503902,0.514522822
6037504001,0.742782152
6037504002,0.158088235
6037504101,0.598058252
6037504200,0.588395904
6037530005,0.19760479
6037530006,0.585770751
6037530007,0.564007421
6037530101,0.5728
6037530102,0.520038168
6037530202,0.455840456
6037530203,0.599112426
6037530204,0.42159383
6037530301,0.613756614
6037530302,0.485559567
6037530400,0.467254408
6037530500,0.408360129
6037530603,0.421238938
6037530700,0.360248447
6037530801,0.460659898
6037530802,0.657142857
6037530901,0.604137931
6037530902,0.543451652
6037531000,0.47761194
6037531101,0.49068323
6037531102,0.516693164
6037531201,0.435412027
6037531202,0.610763454
6037531301,0.454545455
6037531302,0.573543929
6037531502,0.730434783
6037531503,0.369491525
6037531504,0.326797386
6037531602,0.624839949
6037531603,0.473509934
6037531604,0.612173913
6037531701,0.516212711
6037531702,0.501474926
6037531800,0.388667992
6037531901,0.505244755
6037531902,0.511589404
6037532001,0.627043091
6037532002,0.439862543
6037532101,0.695195195
6037532102,0.642384106
6037532200,0.4744
6037532302,0.391666667
6037532303,0.68556701
6037532304,0.501792115
6037532500,0.612641815
6037532605,0.484199796
6037532606,0.496491228
6037532607,0.589423077
6037532700,0.52064632
6037532800,0.6
6037532900,0.534863946
6037533001,0.529508197
6037533002,0.780898876
6037533103,0.692821369
6037533104,0.457295374
6037533105,0.672268908
6037533108,0.616334283
6037533201,0.482608696
6037533204,0.48427673
6037533300,0.625192012
6037533401,0.545243619
6037533402,0.557354926
6037533403,0.608173077
6037533501,0.447598253
6037533504,0.536443149
6037533601,0.542025862
6037533602,0.603255341
6037533603,0.573094868
6037533701,0.488549618
6037533702,0.596214511
6037533703,0.55503876
6037533803,0.642654028
6037533804,0.682196339
6037533805,0.647335423
6037533806,0.540133779
6037533901,0.622981956
6037533902,0.59832636
6037534001,0.484990619
6037534002,0.569892473
6037534101,0.52991453
6037534102,0.592561983
6037534201,0.61255116
6037534202,0.614718615
6037534203,0.775229358
6037534301,0.565450644
6037534302,0.599462366
6037534403,0.597560976
6037534404,0.469153515
6037534405,0.727030626
6037534406,0.652173913
6037534501,0.445409429
6037534502,0.453488372
6037534700,0.444108761
6037534802,0.504885993
6037534803,0.551324503
6037534804,0.543610548
6037534900,0.376259798
6037535001,0.716216216
6037535002,0.64
6037535101,0.48113879
6037535102,0.686363636
6037535200,0.849710983
6037535300,0.757847534
6037535400,0.473317865
6037535501,0.652857143
6037535502,0.515337423
6037535503,0.538860104
6037535603,0.665734266
6037535604,0.597133758
6037535605,0.504516129
6037535606,0.442379182
6037535607,0.642405063
6037535701,0.466515323
6037535702,0.469450102
6037535802,0.427586207
6037535803,0.551459293
6037535804,0.591836735
6037535901,0.623981374
6037535902,0.424107143
6037536000,0.521923621
6037536102,0.734042553
6037536103,0.53125
6037536104,0.553448276
6037536201,0.663829787
6037536202,0.440068493
6037540000,0.473347548
6037540101,0.737931034
6037540102,0.464071856
6037540201,0.572052402
6037540202,0.582722086
6037540203,0.584070796
6037540300,0.445727483
6037540400,0.696202532
6037540501,0.583569405
6037540502,0.640086207
6037540600,0.67408377
6037540700,0.724137931
6037540800,0.561797753
6037540901,0.709359606
6037540902,0.51119403
6037541003,0.251207729
6037541100,0.56133829
6037541200,0.591687042
6037541300,0.787878788
6037541401,0.793557833
6037541402,0.593846154
6037541500,0.548165138
6037541603,0.472868217
6037541604,0.748680042
6037541605,0.647509579
6037541606,0.446153846
6037541700,0.423076923
6037541801,0.581929556
6037541802,0.759493671
6037542000,0.631067961
6037542103,0.718232044
6037542104,0.438287154
6037542105,0.555107527
6037542106,0.503296703
6037542200,0.51025641
6037542401,0.593137255
6037542402,0.618012422
6037542501,0.474526929
6037542502,0.640744797
6037542601,0.660746004
6037542602,0.515463918
6037542700,0.494646681
6037542800,0.227272727
6037542900,0.453781513
6037543000,0.539106145
6037543100,0.255319149
6037543201,0.517241379
6037543203,0.548742138
6037543304,0.261261261
6037543305,0.464788732
6037543306,0.379310345
6037543321,0.538990826
6037543322,0.130952381
6037543400,0.395061728
6037543501,0.386363636
6037543502,0.486535009
6037543503,0.415362731
6037543601,0.475490196
6037543603,0.362068966
6037543605,0.588709677
6037543606,0.630434783
6037543607,0.456140351
6037543701,0.391666667
6037543703,0.530791789
6037543704,0.630208333
6037543705,0.69047619
6037543801,0.390243902
6037543803,0.813664596
6037543804,0.495412844
6037543903,0.324404762
6037543905,0.483420593
6037544001,0.683195592
6037544002,0.564393939
6037550101,0.520547945
6037550201,0.426035503
6037550202,0.277620397
6037550301,0.442577031
6037550501,0.667692308
6037550502,0.503448276
6037550601,0.515555556
6037550602,0.396226415
6037550700,0.375536481
6037550801,0.656146179
6037550802,0.341269841
6037550901,0.516925892
6037550902,0.533799534
6037551001,0.571428571
6037551002,0.247232472
6037551101,0.473760933
6037551102,0.564516129
6037551201,0.694763729
6037551203,0.595348837
6037551204,0.509578544
6037551300,0.543462898
6037551401,0.622360248
6037551402,0.494590417
6037551501,0.628776978
6037551502,0.672592593
6037551700,0.680758017
6037551801,0.559796438
6037551802,0.724299065
6037551900,0.699300699
6037552001,0.37
6037552002,0.403131115
6037552100,0.551779935
6037552200,0.646766169
6037552301,0.555865922
6037552302,0.518945634
6037552400,0.784615385
6037552601,0.483240223
6037552602,0.487106017
6037552700,0.535947712
6037552800,0.67462039
6037552900,0.686967113
6037553000,0.166666667
6037553100,0.612288136
6037553201,0.242524917
6037553202,0.602150538
6037553300,0.492610837
6037553400,0.501133787
6037553502,0.322237017
6037553503,0.674952199
6037553504,0.47761194
6037553601,0.653498871
6037553602,0.668539326
6037553701,0.464351005
6037553702,0.677700348
6037553801,0.649098474
6037553802,0.644567219
6037553901,0.457104558
6037553902,0.498076923
6037554001,0.381861575
6037554002,0.531047266
6037554101,0.537777778
6037554105,0.595489782
6037554106,0.462435233
6037554201,0.544247788
6037554203,0.628635347
6037554204,0.607745159
6037554301,0.561377246
6037554302,0.52744887
6037554403,0.544276458
6037554404,0.608736942
6037554405,0.593453919
6037554406,0.618473896
6037554511,0.42721519
6037554512,0.392481203
6037554513,0.481927711
6037554514,0.35971223
6037554515,0.47826087
6037554516,0.378787879
6037554517,0.550813008
6037554518,0.447488584
6037554519,0.28030303
6037554521,0.515859766
6037554522,0.265822785
6037554600,0.528233151
6037554700,0.460674157
6037554801,0.350649351
6037554802,0.519337017
6037554900,0.552845528
6037555001,0.566942149
6037555002,0.66576087
6037555105,0.473313192
6037555106,0.553470919
6037555107,0.645724258
6037555202,0.366071429
6037555211,0.610457516
6037555212,0.500693481
6037555300,0.504065041
6037570001,0.3575
6037570002,0.658682635
6037570003,0.495098039
6037570100,0.478787879
6037570202,0.649152542
6037570203,0.600187266
6037570204,0.520179372
6037570303,0.659286593
6037570304,0.578842315
6037570305,0.643953935
6037570306,0.715686275
6037570402,0.633744856
6037570403,0.552129222
6037570404,0.739285714
6037570502,0.564777328
6037570503,0.497652582
6037570504,0.731343284
6037570601,0.433607521
6037570602,0.556144068
6037570603,0.529577465
6037570701,0.501618123
6037570703,0.45890411
6037570800,0.461318052
6037570901,0.34082397
6037570902,0.513677812
6037571000,0.110294118
6037571101,0.347305389
6037571102,0.592857143
6037571201,0.404255319
6037571202,0.500813008
6037571300,0.458333333
6037571400,0.387263339
6037571502,0.629477994
6037571504,0.601832994
6037571505,0.507494647
6037571600,0.487623762
6037571701,0.54353562
6037571703,0.586160109
6037571704,0.637319317
6037571800,0.520642202
6037571900,0.445969125
6037572001,0.609550562
6037572201,0.469150175
6037572202,0.393939394
6037572301,0.58056872
6037572500,0.308793456
6037572600,0.173745174
6037572700,0.243654822
6037573002,0.579104478
6037573003,0.438016529
6037573004,0.599307958
6037573101,0.738798856
6037573102,0.367346939
6037573201,0.660205245
6037573202,0.607355865
6037573300,0.580381471
6037573401,0.525065963
6037573402,0.537654321
6037573403,0.475644699
6037573601,0.160447761
6037573700,0.524390244
6037573800,0.606299213
6037573902,0.257142857
6037574000,0.121546961
6037574100,0.389873418
6037574201,0.641025641
6037574202,0.451030928
6037574300,0.285229202
6037574400,0.464882943
6037574500,0.396121884
6037574602,0.557142857
6037574800,0.527607362
6037574901,0.454545455
6037574902,0.526592252
6037575001,0.412024757
6037575002,0.538083538
6037575101,0.740869565
6037575102,0.661802575
6037575103,0.606303725
6037575201,0.512339585
6037575202,0.5204617
6037575300,0.529795918
6037575401,0.602254428
6037575402,0.577297297
6037575801,0.532060027
6037575802,0.611694153
6037575803,0.658990257
6037575901,0.614830072
6037575902,0.478622328
6037576001,0.417959184
6037576200,0.609604957
6037576301,0.644134078
6037576302,0.630526316
6037576401,0.576756288
6037576402,0.595327103
6037576403,0.623152709
6037576501,0.665372671
6037576502,0.526682135
6037576503,0.545632334
6037576601,0.638161147
6037576602,0.521868365
6037576700,0.38941076
6037576801,0.480809491
6037576802,0.520172911
6037576901,0.535918627
6037576903,0.68457539
6037576904,0.582089552
6037577000,0.465361446
6037577100,0.400424628
6037577200,0.338406087
6037577300,0.392321755
6037577400,0.381128585
6037577501,0.453287197
6037577504,0.43622449
6037577602,0.598802395
6037577604,0.678571429
6037577605,0.498765432
6037577606,0.375
6037577700,0.417536534
6037577800,0.332129964
6037577900,0.620879121
6037578000,0.548334687
6037578100,#DIV/0!
6037599000,0.507507508
6037599100,0.341463415
6037600100,0.624579125
6037600201,0.589626934
6037600202,0.700061463
6037600302,0.622222222
6037600303,0.673469388
6037600304,0.61308204
6037600400,0.541029207
6037600501,0.712
6037600601,0.540897098
6037600602,0.659744409
6037600702,0.550200803
6037600703,0.739130435
6037600704,0.573964497
6037600801,0.508474576
6037600802,0.507801418
6037600902,0.673480663
6037600911,0.523809524
6037600912,0.462662338
6037601001,0.445080092
6037601002,0.577408638
6037601100,0.555938038
6037601202,0.56741573
6037601211,0.637096774
6037601212,0.587126138
6037601301,0.545454545
6037601302,0.458313483
6037601303,0.601851852
6037601401,0.50621118
6037601402,0.420886076
6037601501,0.526011561
6037601502,0.521381579
6037601600,0.609475032
6037601700,0.617238184
6037601801,0.579661017
6037601802,0.406959153
6037601900,0.475378788
6037602002,0.524305556
6037602003,0.701511335
6037602103,0.638115632
6037602104,0.600425834
6037602105,0.616854909
6037602106,0.489506821
6037602201,0.343878955
6037602202,0.465949821
6037602301,0.459962756
6037602302,0.37037037
6037602402,0.436619718
6037602403,0.530915087
6037602404,0.676553672
6037602504,0.561709813
6037602505,0.523240372
6037602506,0.568588469
6037602507,0.517322372
6037602510,0.616396761
6037602511,0.640591966
6037602512,0.572016461
6037602513,0.631043257
6037602601,0.72829582
6037602602,0.674796748
6037602700,0.393442623
6037602801,0.614035088
6037602802,0.464285714
6037602900,0.406548431
6037603004,0.490039841
6037603005,0.557692308
6037603006,0.410579345
6037603007,0.689703808
6037603008,0.278527607
6037603101,0.560738581
6037603102,0.517133956
6037603200,0.542234332
6037603301,0.492655367
6037603302,0.634730539
6037603400,0.542635659
6037603500,0.688622754
6037603600,0.54691689
6037603702,0.219047619
6037603703,0.605263158
6037603705,0.629005059
6037603706,0.685990338
6037603801,0.617435897
6037603802,0.5312
6037603901,0.503205128
6037603902,0.442105263
6037604001,0.441741357
6037604002,0.635282458
6037604101,0.718181818
6037604102,0.383505155
6037604200,0.654524089
6037609900,0.45276873
6037620001,0.355029586
6037620002,0.462176166
6037620101,0.367804878
6037620102,0.268562401
6037620201,0.376175549
6037620301,0.398230088
6037620303,0.312714777
6037620305,0.281742354
6037620400,0.270788913
6037620501,0.574301676
6037620521,0.383685801
6037620522,0.445229682
6037620601,0.48261924
6037620602,0.316582915
6037620701,0.46171875
6037620703,0.368852459
6037620704,0.195335277
6037620801,0.309782609
6037620802,0.269366197
6037620901,0.477272727
6037620904,0.257425743
6037621001,0.456026059
6037621005,0.339823009
6037621102,0.197530864
6037621104,0.338501292
6037621201,0.433005299
6037621204,0.458976442
6037621301,0.570731707
6037621324,0.510344828
6037621326,0.471521269
6037621400,0.406401552
6037650001,0.675749319
6037650003,0.416223404
6037650004,0.510948905
6037650101,0.809688581
6037650102,0.574162679
6037650200,0.551558753
6037650300,0.431602048
6037650401,0.296137339
6037650501,0.43537415
6037650502,0.346354167
6037650603,0.454183267
6037650604,0.354301948
6037650605,0.412256267
6037650606,0.496254682
6037650607,0.46978022
6037650701,0.636363636
6037650702,0.483636364
6037650801,0.532142857
6037650802,0.622983871
6037650901,0.534591195
6037650903,0.572617946
6037650904,0.292079208
6037651001,0.652631579
6037651002,0.376811594
6037651101,0.428211587
6037651102,0.461949266
6037651201,0.106870229
6037651221,0.449588477
6037651222,0.430088496
6037651302,0.490196078
6037651304,0.364500792
6037651401,0.333333333
6037651402,0.608955224
6037670001,0.544147844
6037670002,0.339664804
6037670003,0.397238018
6037670101,0.1953125
6037670102,0.517271157
6037670201,0.614973262
6037670202,0.692307692
6037670324,0.521276596
6037670326,0.289855072
6037670328,0.360730594
6037670405,0.625
6037670406,0.510638298
6037670407,0.419593346
6037670413,0.348314607
6037670416,0.634393064
6037670417,0.381818182
6037670418,0.263565891
6037670500,0.142857143
6037670603,0.119402985
6037670604,0.371875
6037670701,0.615720524
6037670702,0.702898551
6037700101,0.40625
6037700102,0.466739766
6037700200,0.470346598
6037700300,0.493248312
6037700400,0.494609746
6037700501,0.4863103
6037700502,0.527347781
6037700600,0.551912568
6037700700,0.303030303
6037700801,0.384499624
6037700802,0.521621622
6037700901,0.672683514
6037700902,0.619931792
6037701000,0.460898502
6037701201,0.25
6037701202,0.43079922
6037701302,0.491884581
6037701304,0.294871795
6037701402,0.369018405
6037701501,0.294198895
6037701502,0.3564118
6037701601,0.263694268
6037701602,0.546289212
6037701701,0.45280236
6037701702,0.500973394
6037701801,0.496073298
6037701802,0.563015312
6037701902,0.521781854
6037702002,0.448943031
6037702102,0.373324397
6037702201,0.384615385
6037702202,0.431868132
6037702300,0.35286285
6037702400,0.460127029
6037702501,0.284039675
6037702502,0.478014184
6037702600,0.655238095
6037702700,0.611295681
6037702801,0.725939505
6037702802,0.464544139
6037702803,0.558333333
6037702900,0.477661795
6037703002,0.663387978
6037703003,0.604833837
6037703100,0.413836478
6037703200,0.449225473
6037800101,0.615384615
6037800103,0.800699301
6037800104,0.218579235
6037800202,0.739583333
6037800204,0.80861244
6037800205,0.354775828
6037800206,0
6037800324,0.38170347
6037800325,0.57079646
6037800328,0.243902439
6037800333,0.383792049
6037800334,0.515151515
6037800335,0.41503268
6037800336,0
6037800337,0.730732636
6037800338,0.325268817
6037800406,0.030612245
6037800410,0.234567901
6037800411,0.466216216
6037800412,0.244131455
6037800504,0.406403941
6037800506,0.648550725
6037900102,0.481132075
6037900103,0.323751891
6037900104,0.322580645
6037900301,0.315789474
6037900501,0.386612022
6037900504,0.530663329
6037900505,0.571125265
6037900506,0.572769953
6037900508,0.640138408
6037900509,0.395023328
6037900510,0.534883721
6037900602,0.692307692
6037900606,0.377446412
6037900607,0.51056338
6037900608,0.639473684
6037900609,0.51754386
6037900610,0.274193548
6037900611,0.435443038
6037900701,0.457389428
6037900703,0.553051127
6037900704,0.520153551
6037900705,0.613486842
6037900804,0.499231951
6037900805,0.545454545
6037900806,0.58604888
6037900807,0.595180723
6037900808,0.63681592
6037900901,0.724537037
6037900902,0.097014925
6037901003,#DIV/0!
6037901007,0.258503401
6037901008,0.423986486
6037901009,0.494897959
6037901010,0.440049444
6037901011,0.511669659
6037901012,0.838797814
6037901013,0.557603687
6037901014,0.422857143
6037901101,0.540492958
6037901102,0.325349301
6037901209,0.432
6037901210,0.689320388
6037901214,0.848
6037901215,0.868055556
6037901216,0
6037901217,0.641509434
6037901218,1
6037901300,0.577272727
6037910002,0.625525947
6037910210,0.163204748
6037910211,0.388888889
6037910212,0.395522388
6037910213,0.166666667
6037910214,0.301843318
6037910215,0.465116279
6037910216,0.392996109
6037910217,0.512727273
6037910218,0.689102564
6037910301,0.149870801
6037910302,0.282958199
6037910401,0.521308226
6037910404,0.502803738
6037910405,0.606461087
6037910501,0.633
6037910502,0.557321226
6037910504,0.665338645
6037910505,0.745945946
6037910601,0.422586521
6037910602,0.616647128
6037910605,0.441314554
6037910606,0.444043321
6037910607,0.664092664
6037910608,0.632432432
6037910706,0.63902439
6037910707,0.550167224
6037910709,0
6037910712,0.438356164
6037910713,0.464788732
6037910714,0.717948718
6037910715,0.611793612
6037910716,0.534562212
6037910717,0.217391304
6037910718,0.735294118
6037910719,0.498349835
6037910720,0.660176991
6037910721,0.760714286
6037910804,0.705882353
6037910807,0.596875
6037910808,0.86
6037910809,1
6037910810,0.778947368
6037910814,0.424657534
6037910815,0.138121547
6037911001,0.518691589
6037911100,0.446357616
6037920013,0.4
6037920015,0.408450704
6037920016,0.780373832
6037920017,0.16017316
6037920018,0.683333333
6037920020,0.521276596
6037920028,0.701067616
6037920029,0.650080257
6037920030,0.584980237
6037920031,0.817021277
6037920034,0.410810811
6037920035,0.684684685
6037920038,0.593103448
6037920039,0.203389831
6037920040,0.655737705
6037920041,0.633779264
6037920042,0.623203285
6037920043,0.430084746
6037920044,0.659574468
6037920045,0.263473054
6037920046,0.567119155
6037920047,0.691844554
6037920048,0.659142212
6037920049,0.65060241
6037920050,0.445454545
6037920102,0.641765705
6037920104,0.228915663
6037920106,0.624161074
6037920109,0.55785124
6037920110,0.615598886
6037920111,0.458015267
6037920112,0.592592593
6037920114,0.59779338
6037920115,0.59
6037920116,0.533834586
6037920118,0.282758621
6037920119,1
6037920120,0.244444444
6037920121,0.618020305
6037920200,#DIV/0!
6037920303,0.578313253
6037920312,0.752173913
6037920313,0.458536585
6037920314,0.482035928
6037920322,0.405555556
6037920326,0.620848708
6037920328,0.486322188
6037920329,0.441637631
6037920330,0.764320786
6037920331,0.681672026
6037920332,0.308219178
6037920334,0.810588235
6037920338,0.699152542
6037920339,0.636935992
6037920340,0.419068736
6037920341,0.568783069
6037920342,0.738831615
6037920343,0.722100656
6037930400,0.125
6037980001,#DIV/0!
6037980002,#DIV/0!
6037980003,#DIV/0!
6037980004,#DIV/0!
6037980005,#DIV/0!
6037980006,#DIV/0!
6037980007,#DIV/0!
6037980008,1
6037980009,#DIV/0!
6037980010,0.674418605
6037980011,0.75
6037980012,#DIV/0!
6037980013,#DIV/0!
6037980014,0.6
6037980015,0.53125
6037980016,0.23255814
6037980017,0.105263158
6037980018,#DIV/0!
6037980019,0.555555556
6037980020,#DIV/0!
6037980021,#DIV/0!
6037980022,#DIV/0!
6037980023,#DIV/0!
6037980024,0.333333333
6037980025,0.739910314
6037980026,#DIV/0!
6037980028,#DIV/0!
6037980030,#DIV/0!
6037980031,0.5
6037980033,1
6037980034,1
6037980035,0.354545455
6037980036,0.709090909
6037980037,#DIV/0!
6037980038,#DIV/0!
6037980039,#DIV/0!
6037990100,#DIV/0!
6037990200,#DIV/0!
6037990300,#DIV/0!
